Name,Age,Gender,Height,Weight,State of domicile,Religion,Disease
Sai,55,Male,161 cm,50 kg,Andhra Pradesh,Hindu,Tuberculosis
Ramsha,25,Female,175 cm,83 kg,Uttar Pradesh,Muslim,Viral infection
Reyansh,37,Male,169 cm,78 kg,Punjab,Sikh,Heart-related
Reyansh,40,Male,176 cm,75 kg,Tamil Nadu,Christian,Tuberculosis
John,59,Female,172 cm,78 kg,Andhra Pradesh,Hindu,No illness
Ishaan,51,Male,165 cm,54 kg,West Bengal,Buddhist,Cancer
Yadu,48,Male,180 cm,63 kg,Karnataka,Jain,No illness
Vihaan,32,Female,174 cm,67 kg,Tamil Nadu,Muslim,Viral infection
Johnson,44,Female,167 cm,75 kg,Gujarat,Parsi,No illness
Reyansh,18,Female,164 cm,60 kg,West Bengal,Jain,Tuberculosis
Sai,49,Female,168 cm,71 kg,Uttar Pradesh,Christian,Viral infection
Reyansh,20,Female,177 cm,63 kg,Rajasthan,Hindu,Tuberculosis
Ishaan,50,Male,172 cm,53 kg,Andhra Pradesh,Hindu,Viral infection
Aditya,57,Male,162 cm,68 kg,Karnataka,Parsi,Tuberculosis
Aarav,34,Male,160 cm,73 kg,Tamil Nadu,Christian,No illness
Ayaan,27,Female,168 cm,55 kg,Kerala,Parsi,Viral infection
Reyansh,48,Female,163 cm,90 kg,Kerala,Jain,Tuberculosis
Sunny,26,Male,179 cm,59 kg,Kerala,Christian,Heart-related
Ishaan,49,Male,165 cm,58 kg,Rajasthan,Buddhist,Cancer
Yadu,56,Male,171 cm,73 kg,Kerala,Muslim,No illness
John,42,Female,160 cm,79 kg,Punjab,Muslim,No illness
Johnson,49,Female,168 cm,80 kg,Kerala,Christian,Tuberculosis
Ishaan,32,Female,174 cm,81 kg,Gujarat,Buddhist,Viral infection
Ayaan,54,Female,180 cm,75 kg,West Bengal,Sikh,Viral infection
Vivaan,41,Male,160 cm,67 kg,Kerala,Jain,Tuberculosis
Arjun,30,Male,176 cm,50 kg,Punjab,Buddhist,Viral infection
Arjun,31,Male,170 cm,58 kg,Punjab,Christian,Viral infection
Ayaan,28,Female,173 cm,64 kg,Andhra Pradesh,Christian,Heart-related
Ramsha,51,Male,172 cm,50 kg,Gujarat,Muslim,Heart-related
Joan,49,Female,161 cm,61 kg,Karnataka,Muslim,Heart-related
Vivaan,44,Female,171 cm,63 kg,Punjab,Jain,Heart-related
Aditya,30,Male,171 cm,67 kg,Punjab,Christian,Cancer
Kishor,27,Female,174 cm,52 kg,Rajasthan,Sikh,Tuberculosis
Vivaan,46,Male,176 cm,64 kg,Karnataka,Hindu,Viral infection
Joan,37,Female,180 cm,89 kg,Punjab,Buddhist,No illness
Ramsha,25,Female,175 cm,50 kg,Maharashtra,Hindu,Tuberculosis
Arjun,57,Male,174 cm,66 kg,Maharashtra,Jain,Heart-related
Rambha,53,Male,173 cm,64 kg,Tamil Nadu,Christian,No illness
Johnson,24,Male,165 cm,50 kg,Maharashtra,Hindu,Viral infection
Ayaan,22,Male,164 cm,58 kg,Tamil Nadu,Christian,Heart-related
Vivaan,30,Male,172 cm,79 kg,Maharashtra,Muslim,Heart-related
Yadu,56,Female,173 cm,68 kg,West Bengal,Sikh,Heart-related
Sai,20,Male,169 cm,77 kg,Kerala,Jain,Heart-related
Ayaan,24,Female,172 cm,53 kg,Uttar Pradesh,Christian,Cancer
Yadu,49,Male,172 cm,90 kg,Tamil Nadu,Hindu,Viral infection
Arjun,22,Male,161 cm,68 kg,Uttar Pradesh,Christian,No illness
Bahuksana,52,Male,172 cm,66 kg,Punjab,Hindu,No illness
Joan,26,Male,171 cm,72 kg,Gujarat,Parsi,No illness
Johnson,58,Female,164 cm,90 kg,Maharashtra,Christian,Viral infection
Johnson,43,Female,177 cm,75 kg,Maharashtra,Muslim,Tuberculosis
Ishaan,47,Female,160 cm,82 kg,Uttar Pradesh,Sikh,Viral infection
Ishaan,54,Male,165 cm,63 kg,Maharashtra,Parsi,Tuberculosis
Arjun,35,Male,161 cm,62 kg,Uttar Pradesh,Buddhist,Heart-related
Sunny,20,Male,166 cm,84 kg,Maharashtra,Christian,Viral infection
Joan,20,Female,173 cm,51 kg,Gujarat,Buddhist,No illness
Krishna,45,Female,174 cm,83 kg,Karnataka,Jain,Tuberculosis
Yadu,17,Male,180 cm,74 kg,Punjab,Hindu,No illness
Vivaan,33,Female,174 cm,83 kg,Gujarat,Parsi,No illness
Reyansh,25,Male,165 cm,68 kg,West Bengal,Buddhist,Heart-related
Aarav,55,Female,178 cm,60 kg,Tamil Nadu,Christian,Viral infection
Salima,44,Female,172 cm,82 kg,Kerala,Christian,Viral infection
Vihaan,42,Female,170 cm,54 kg,Rajasthan,Hindu,Viral infection
Salima,24,Male,173 cm,85 kg,Karnataka,Buddhist,Cancer
Sai,39,Female,178 cm,88 kg,Karnataka,Parsi,Viral infection
Aarav,40,Female,161 cm,56 kg,Gujarat,Christian,Heart-related
Yadu,39,Male,171 cm,70 kg,Tamil Nadu,Christian,Cancer
Ramsha,44,Male,180 cm,81 kg,West Bengal,Buddhist,Tuberculosis
Bahuksana,18,Female,165 cm,74 kg,Karnataka,Christian,Viral infection
Rambha,19,Male,175 cm,79 kg,Gujarat,Buddhist,Tuberculosis
Vihaan,32,Male,172 cm,65 kg,West Bengal,Parsi,Cancer
Johnson,25,Male,160 cm,75 kg,Kerala,Parsi,Tuberculosis
Sai,55,Female,178 cm,65 kg,Tamil Nadu,Sikh,Cancer
Aditya,46,Male,167 cm,82 kg,Punjab,Buddhist,Heart-related
Sai,18,Female,175 cm,64 kg,West Bengal,Jain,Heart-related
Aarav,33,Female,170 cm,73 kg,Tamil Nadu,Sikh,Tuberculosis
Vivaan,47,Male,178 cm,71 kg,West Bengal,Hindu,Cancer
Sunny,21,Female,172 cm,70 kg,Maharashtra,Parsi,Tuberculosis
Vivaan,59,Male,166 cm,67 kg,Uttar Pradesh,Hindu,Cancer
Johnson,36,Male,163 cm,53 kg,Andhra Pradesh,Sikh,No illness
Bahuksana,55,Female,175 cm,58 kg,Kerala,Parsi,Heart-related
Vivaan,25,Male,165 cm,69 kg,Punjab,Muslim,Cancer
Vihaan,35,Female,173 cm,70 kg,Maharashtra,Jain,No illness
Ramsha,25,Male,177 cm,86 kg,Andhra Pradesh,Buddhist,Viral infection
Bahuksana,27,Male,174 cm,64 kg,Karnataka,Parsi,Heart-related
Ramsha,51,Male,163 cm,64 kg,Andhra Pradesh,Buddhist,Tuberculosis
Vivaan,35,Male,175 cm,83 kg,Andhra Pradesh,Muslim,No illness
Salima,22,Male,170 cm,73 kg,Maharashtra,Hindu,Viral infection
Ishaan,47,Male,173 cm,58 kg,Karnataka,Jain,Cancer
Vivaan,28,Female,176 cm,54 kg,West Bengal,Hindu,Heart-related
Salima,52,Male,174 cm,75 kg,Rajasthan,Christian,Tuberculosis
Yadu,39,Male,171 cm,63 kg,Tamil Nadu,Parsi,Cancer
Johnson,49,Female,163 cm,69 kg,Andhra Pradesh,Jain,Heart-related
Reyansh,19,Female,175 cm,64 kg,Karnataka,Buddhist,Tuberculosis
Aditya,36,Female,178 cm,65 kg,Tamil Nadu,Muslim,No illness
Reyansh,34,Female,171 cm,57 kg,Tamil Nadu,Jain,Tuberculosis
Sai,44,Female,170 cm,58 kg,Tamil Nadu,Jain,Heart-related
Joan,31,Male,173 cm,85 kg,West Bengal,Sikh,No illness
Ishaan,22,Female,160 cm,60 kg,Rajasthan,Hindu,No illness
Reyansh,57,Female,174 cm,90 kg,West Bengal,Jain,Tuberculosis
Aarav,49,Female,176 cm,61 kg,Karnataka,Sikh,Heart-related
Reyansh,31,Male,171 cm,89 kg,Tamil Nadu,Jain,Heart-related
Vivaan,40,Male,163 cm,79 kg,Tamil Nadu,Hindu,Cancer
Ayaan,30,Female,167 cm,74 kg,West Bengal,Sikh,Tuberculosis
Ishaan,60,Male,165 cm,59 kg,Tamil Nadu,Christian,Tuberculosis
Johnson,23,Female,173 cm,71 kg,West Bengal,Christian,Viral infection
Ramsha,52,Male,173 cm,82 kg,Kerala,Parsi,Cancer
Ayaan,37,Male,163 cm,70 kg,Tamil Nadu,Parsi,No illness
Aditya,32,Male,168 cm,59 kg,Gujarat,Buddhist,Cancer
Kishor,26,Male,179 cm,84 kg,Tamil Nadu,Hindu,No illness
Salima,49,Male,167 cm,55 kg,Uttar Pradesh,Parsi,Cancer
Ramsha,26,Female,172 cm,68 kg,Uttar Pradesh,Hindu,No illness
Sai,54,Male,171 cm,86 kg,West Bengal,Muslim,Tuberculosis
Aarav,44,Male,170 cm,61 kg,Punjab,Buddhist,Viral infection
Ishaan,57,Male,174 cm,50 kg,West Bengal,Parsi,Cancer
Kishor,24,Female,170 cm,55 kg,Gujarat,Sikh,No illness
Vihaan,20,Male,160 cm,65 kg,Tamil Nadu,Hindu,No illness
Krishna,37,Female,164 cm,82 kg,Karnataka,Christian,Viral infection
Rambha,56,Female,166 cm,67 kg,West Bengal,Parsi,Viral infection
Salima,34,Male,161 cm,56 kg,Kerala,Buddhist,No illness
Bahuksana,26,Female,160 cm,53 kg,West Bengal,Sikh,Cancer
Ishaan,32,Male,171 cm,82 kg,Uttar Pradesh,Christian,Heart-related
Arjun,19,Male,177 cm,83 kg,Tamil Nadu,Hindu,No illness
Yadu,42,Male,167 cm,83 kg,Tamil Nadu,Parsi,Viral infection
Reyansh,42,Female,177 cm,88 kg,Maharashtra,Muslim,Viral infection
Bahuksana,53,Female,173 cm,78 kg,Punjab,Jain,Heart-related
Johnson,48,Male,178 cm,54 kg,Kerala,Buddhist,Cancer
Vihaan,27,Female,179 cm,69 kg,Kerala,Sikh,Viral infection
Joan,44,Male,160 cm,67 kg,Kerala,Muslim,Cancer
Reyansh,58,Male,169 cm,60 kg,Rajasthan,Christian,Cancer
Ayaan,26,Male,165 cm,58 kg,Punjab,Jain,Viral infection
Bahuksana,18,Female,177 cm,72 kg,Uttar Pradesh,Parsi,Heart-related
Krishna,60,Female,176 cm,85 kg,Rajasthan,Hindu,No illness
Johnson,57,Male,164 cm,81 kg,Punjab,Hindu,Viral infection
Rambha,20,Female,160 cm,66 kg,Gujarat,Jain,Tuberculosis
Sunny,57,Female,167 cm,81 kg,Karnataka,Hindu,Viral infection
Vivaan,24,Female,169 cm,69 kg,Maharashtra,Muslim,Viral infection
Ayaan,26,Male,167 cm,81 kg,Andhra Pradesh,Sikh,Cancer
Rambha,38,Male,163 cm,70 kg,Maharashtra,Sikh,Tuberculosis
Aarav,39,Female,175 cm,57 kg,Kerala,Sikh,Tuberculosis
Salima,40,Female,164 cm,53 kg,Uttar Pradesh,Parsi,Heart-related
Rambha,36,Male,179 cm,73 kg,Punjab,Hindu,Tuberculosis
Aarav,56,Female,162 cm,86 kg,Gujarat,Buddhist,Heart-related
Yadu,33,Male,167 cm,64 kg,Uttar Pradesh,Hindu,No illness
Joan,40,Male,162 cm,66 kg,Punjab,Parsi,No illness
Bahuksana,38,Male,164 cm,78 kg,Andhra Pradesh,Muslim,Tuberculosis
John,19,Male,171 cm,55 kg,West Bengal,Christian,Tuberculosis
Joan,46,Male,176 cm,63 kg,Rajasthan,Parsi,Viral infection
Joan,44,Male,169 cm,74 kg,West Bengal,Jain,Tuberculosis
Reyansh,42,Male,169 cm,82 kg,Andhra Pradesh,Jain,Cancer
Kishor,40,Female,172 cm,69 kg,Tamil Nadu,Buddhist,Heart-related
Ishaan,54,Male,177 cm,50 kg,Gujarat,Buddhist,Heart-related
Sai,54,Female,176 cm,71 kg,West Bengal,Buddhist,Viral infection
Arjun,31,Male,163 cm,56 kg,Andhra Pradesh,Sikh,Heart-related
Yadu,43,Male,169 cm,81 kg,Andhra Pradesh,Parsi,Viral infection
Sai,17,Male,161 cm,65 kg,Tamil Nadu,Parsi,Tuberculosis
Ramsha,59,Male,168 cm,89 kg,Rajasthan,Parsi,No illness
Salima,31,Male,179 cm,62 kg,Gujarat,Hindu,Heart-related
Kishor,52,Female,176 cm,80 kg,Karnataka,Sikh,Viral infection
Vivaan,30,Male,162 cm,83 kg,Maharashtra,Muslim,Viral infection
Vihaan,19,Male,162 cm,80 kg,Tamil Nadu,Jain,Viral infection
Krishna,51,Male,172 cm,73 kg,Punjab,Hindu,Heart-related
Sai,37,Male,173 cm,87 kg,Maharashtra,Parsi,Tuberculosis
Kishor,41,Male,180 cm,71 kg,Punjab,Buddhist,No illness
Salima,20,Male,176 cm,64 kg,Rajasthan,Jain,No illness
Vihaan,21,Female,173 cm,60 kg,Rajasthan,Sikh,Heart-related
Ayaan,24,Male,164 cm,63 kg,Andhra Pradesh,Parsi,Tuberculosis
Johnson,42,Female,174 cm,77 kg,Kerala,Jain,Cancer
Reyansh,41,Male,173 cm,66 kg,Punjab,Parsi,Tuberculosis
Kishor,39,Male,174 cm,83 kg,Punjab,Buddhist,Tuberculosis
Salima,41,Female,175 cm,66 kg,Punjab,Muslim,Tuberculosis
Sai,20,Female,163 cm,69 kg,Andhra Pradesh,Parsi,Tuberculosis
John,27,Male,163 cm,51 kg,West Bengal,Jain,Heart-related
Aarav,17,Male,168 cm,57 kg,Andhra Pradesh,Jain,Tuberculosis
Ayaan,59,Female,169 cm,65 kg,Gujarat,Parsi,No illness
Vivaan,54,Female,163 cm,82 kg,Punjab,Parsi,Viral infection
Aarav,42,Female,173 cm,89 kg,Uttar Pradesh,Jain,Viral infection
Johnson,23,Male,171 cm,62 kg,Tamil Nadu,Muslim,Tuberculosis
Yadu,39,Female,174 cm,76 kg,Karnataka,Hindu,Cancer
Vihaan,33,Female,173 cm,77 kg,Andhra Pradesh,Christian,Tuberculosis
Ishaan,33,Female,164 cm,71 kg,Gujarat,Muslim,Heart-related
Rambha,31,Male,168 cm,59 kg,Andhra Pradesh,Jain,Viral infection
Sai,55,Female,162 cm,67 kg,Kerala,Buddhist,Tuberculosis
Sai,52,Male,174 cm,63 kg,Andhra Pradesh,Buddhist,Heart-related
Salima,27,Male,162 cm,57 kg,Maharashtra,Jain,Cancer
Arjun,48,Female,160 cm,86 kg,West Bengal,Christian,Heart-related
Salima,59,Female,162 cm,68 kg,Andhra Pradesh,Muslim,Tuberculosis
Krishna,52,Female,170 cm,70 kg,West Bengal,Parsi,Heart-related
Yadu,60,Male,162 cm,88 kg,Maharashtra,Hindu,Tuberculosis
Ramsha,35,Male,178 cm,63 kg,Punjab,Sikh,Viral infection
Aarav,34,Female,171 cm,50 kg,West Bengal,Jain,Tuberculosis
Aarav,53,Male,168 cm,59 kg,Kerala,Buddhist,Cancer
Ramsha,57,Female,171 cm,57 kg,Gujarat,Sikh,Cancer
Bahuksana,41,Female,164 cm,70 kg,Rajasthan,Muslim,Heart-related
Sai,44,Female,178 cm,84 kg,Gujarat,Muslim,Tuberculosis
Yadu,18,Female,169 cm,61 kg,Rajasthan,Sikh,Viral infection
John,39,Male,179 cm,68 kg,Rajasthan,Parsi,No illness
Joan,19,Female,170 cm,87 kg,Uttar Pradesh,Buddhist,Heart-related
Vivaan,19,Male,161 cm,85 kg,West Bengal,Hindu,Tuberculosis
Krishna,30,Female,166 cm,68 kg,Uttar Pradesh,Hindu,Cancer
Sunny,54,Female,176 cm,82 kg,West Bengal,Jain,Tuberculosis
Ishaan,37,Female,176 cm,68 kg,Uttar Pradesh,Muslim,No illness
Salima,45,Female,166 cm,51 kg,West Bengal,Muslim,Cancer
Reyansh,36,Male,177 cm,70 kg,Gujarat,Buddhist,No illness
Ayaan,24,Male,172 cm,90 kg,Maharashtra,Buddhist,No illness
Ramsha,21,Male,170 cm,51 kg,Tamil Nadu,Jain,Viral infection
Johnson,51,Female,171 cm,59 kg,Maharashtra,Parsi,Viral infection
Johnson,37,Female,179 cm,71 kg,Tamil Nadu,Parsi,No illness
Aditya,36,Male,167 cm,77 kg,Gujarat,Hindu,Cancer
Salima,31,Male,162 cm,69 kg,Kerala,Jain,Heart-related
Aditya,47,Female,162 cm,78 kg,Tamil Nadu,Jain,No illness
Vivaan,19,Female,169 cm,77 kg,Maharashtra,Christian,No illness
Reyansh,40,Male,176 cm,69 kg,West Bengal,Hindu,Viral infection
Reyansh,51,Female,178 cm,51 kg,Punjab,Muslim,Viral infection
Reyansh,33,Male,161 cm,60 kg,Tamil Nadu,Buddhist,Tuberculosis
Yadu,21,Female,179 cm,86 kg,West Bengal,Sikh,Tuberculosis
Salima,60,Male,175 cm,69 kg,Gujarat,Parsi,Heart-related
Krishna,51,Male,165 cm,74 kg,Punjab,Sikh,Cancer
Johnson,44,Male,161 cm,67 kg,Tamil Nadu,Buddhist,Tuberculosis
John,27,Male,177 cm,73 kg,Kerala,Hindu,No illness
Krishna,35,Female,169 cm,83 kg,Tamil Nadu,Parsi,Viral infection
Ishaan,55,Male,178 cm,90 kg,Uttar Pradesh,Parsi,No illness
Sunny,42,Female,178 cm,90 kg,Uttar Pradesh,Hindu,Heart-related
Kishor,59,Male,166 cm,70 kg,Gujarat,Jain,Viral infection
Ishaan,33,Female,160 cm,77 kg,Gujarat,Muslim,Heart-related
Ramsha,49,Female,170 cm,68 kg,Karnataka,Christian,Heart-related
Aarav,30,Male,169 cm,54 kg,Kerala,Parsi,Tuberculosis
Ishaan,50,Male,162 cm,55 kg,West Bengal,Parsi,Tuberculosis
Sai,32,Male,161 cm,61 kg,Rajasthan,Parsi,Viral infection
Rambha,59,Female,175 cm,69 kg,Punjab,Sikh,Tuberculosis
John,53,Male,160 cm,83 kg,Rajasthan,Buddhist,Heart-related
John,44,Female,166 cm,74 kg,Punjab,Buddhist,Viral infection
Vihaan,25,Female,177 cm,76 kg,Punjab,Sikh,No illness
Vivaan,52,Male,165 cm,65 kg,Punjab,Parsi,Heart-related
Aarav,48,Female,160 cm,67 kg,Rajasthan,Jain,Heart-related
Salima,38,Female,169 cm,78 kg,Tamil Nadu,Hindu,Heart-related
Yadu,26,Male,169 cm,51 kg,West Bengal,Hindu,Viral infection
Sai,25,Male,161 cm,72 kg,Andhra Pradesh,Jain,Cancer
Joan,43,Female,164 cm,82 kg,Maharashtra,Christian,Viral infection
Yadu,52,Female,162 cm,79 kg,Rajasthan,Hindu,Viral infection
Sai,27,Female,160 cm,76 kg,West Bengal,Sikh,Heart-related
Ayaan,30,Male,175 cm,59 kg,Maharashtra,Muslim,No illness
Salima,37,Male,160 cm,70 kg,Kerala,Buddhist,Heart-related
Aditya,53,Male,169 cm,62 kg,Rajasthan,Christian,Tuberculosis
Ramsha,37,Female,170 cm,80 kg,Kerala,Sikh,No illness
Sai,24,Female,179 cm,76 kg,Rajasthan,Parsi,Viral infection
Salima,54,Female,162 cm,51 kg,Kerala,Parsi,Cancer
Ayaan,17,Male,180 cm,79 kg,Karnataka,Jain,Heart-related
Yadu,19,Male,167 cm,75 kg,Rajasthan,Muslim,Viral infection
Joan,45,Female,179 cm,67 kg,Tamil Nadu,Muslim,No illness
Vivaan,29,Male,174 cm,51 kg,Gujarat,Buddhist,Tuberculosis
Vivaan,54,Female,170 cm,89 kg,West Bengal,Jain,Viral infection
Sunny,56,Female,172 cm,50 kg,West Bengal,Hindu,Cancer
Ramsha,18,Male,161 cm,81 kg,West Bengal,Muslim,Tuberculosis
Aarav,52,Female,177 cm,82 kg,Gujarat,Sikh,Tuberculosis
Bahuksana,43,Female,168 cm,82 kg,Maharashtra,Jain,Heart-related
Krishna,20,Female,168 cm,58 kg,Punjab,Parsi,Heart-related
Ramsha,44,Female,161 cm,85 kg,Andhra Pradesh,Hindu,Tuberculosis
Rambha,51,Male,179 cm,82 kg,West Bengal,Hindu,Tuberculosis
Salima,58,Male,180 cm,74 kg,West Bengal,Sikh,Tuberculosis
Ramsha,31,Female,163 cm,88 kg,Tamil Nadu,Parsi,Cancer
Reyansh,53,Male,174 cm,65 kg,Karnataka,Jain,No illness
John,29,Male,166 cm,79 kg,Kerala,Hindu,Viral infection
Johnson,42,Male,172 cm,65 kg,Rajasthan,Jain,Cancer
Reyansh,36,Female,178 cm,55 kg,Maharashtra,Jain,No illness
Vihaan,20,Male,177 cm,85 kg,West Bengal,Sikh,Heart-related
Salima,37,Female,180 cm,77 kg,Maharashtra,Parsi,Viral infection
Ishaan,27,Male,162 cm,60 kg,Punjab,Hindu,Cancer
Arjun,47,Female,160 cm,88 kg,West Bengal,Jain,No illness
Yadu,19,Male,168 cm,53 kg,Rajasthan,Parsi,Tuberculosis
Ayaan,57,Male,178 cm,75 kg,Karnataka,Hindu,Cancer
Ayaan,44,Male,172 cm,56 kg,Andhra Pradesh,Hindu,Viral infection
Salima,58,Female,161 cm,87 kg,Kerala,Jain,Tuberculosis
Aarav,50,Male,162 cm,83 kg,Karnataka,Buddhist,Viral infection
Vihaan,36,Female,166 cm,69 kg,Karnataka,Sikh,Cancer
Aarav,17,Male,168 cm,61 kg,Uttar Pradesh,Buddhist,Heart-related
Aarav,46,Female,167 cm,72 kg,Andhra Pradesh,Sikh,Heart-related
Joan,31,Male,179 cm,79 kg,Andhra Pradesh,Hindu,Heart-related
Yadu,20,Male,172 cm,83 kg,Gujarat,Christian,No illness
Vivaan,45,Female,163 cm,55 kg,Gujarat,Jain,No illness
John,27,Female,163 cm,85 kg,Uttar Pradesh,Buddhist,Heart-related
Rambha,56,Male,175 cm,90 kg,Rajasthan,Muslim,Viral infection
Vihaan,22,Male,178 cm,60 kg,West Bengal,Jain,Tuberculosis
Vihaan,36,Male,171 cm,50 kg,West Bengal,Jain,Cancer
Ramsha,26,Female,177 cm,89 kg,Kerala,Buddhist,Viral infection
Johnson,48,Male,175 cm,71 kg,Punjab,Jain,No illness
Johnson,37,Female,160 cm,69 kg,Gujarat,Hindu,Viral infection
Reyansh,47,Female,176 cm,57 kg,Uttar Pradesh,Hindu,No illness
Yadu,23,Female,176 cm,62 kg,Uttar Pradesh,Parsi,Heart-related
Vihaan,37,Male,177 cm,51 kg,Punjab,Hindu,No illness
Krishna,27,Female,162 cm,50 kg,Karnataka,Buddhist,Cancer
Vihaan,47,Male,165 cm,77 kg,Tamil Nadu,Jain,Tuberculosis
Rambha,34,Female,179 cm,82 kg,Maharashtra,Hindu,No illness
Vihaan,52,Female,172 cm,72 kg,Gujarat,Hindu,Heart-related
Joan,38,Male,169 cm,59 kg,Tamil Nadu,Parsi,Heart-related
Sunny,56,Female,172 cm,77 kg,Gujarat,Buddhist,Tuberculosis
Aditya,53,Male,179 cm,88 kg,Maharashtra,Christian,No illness
Johnson,37,Female,172 cm,89 kg,West Bengal,Sikh,No illness
Vihaan,41,Male,167 cm,87 kg,Karnataka,Parsi,Viral infection
Kishor,20,Male,178 cm,83 kg,Punjab,Muslim,Viral infection
Aarav,33,Male,161 cm,87 kg,Gujarat,Buddhist,No illness
Reyansh,37,Male,178 cm,79 kg,Punjab,Parsi,Heart-related
Ramsha,33,Female,173 cm,74 kg,Tamil Nadu,Christian,Heart-related
Kishor,31,Female,180 cm,64 kg,Maharashtra,Christian,Heart-related
Salima,46,Male,180 cm,55 kg,Rajasthan,Christian,No illness
Sunny,57,Female,172 cm,66 kg,Uttar Pradesh,Buddhist,No illness
Sunny,47,Male,161 cm,51 kg,Kerala,Muslim,Cancer
Yadu,51,Male,176 cm,83 kg,Uttar Pradesh,Jain,Cancer
Vihaan,44,Male,171 cm,57 kg,West Bengal,Hindu,Viral infection
Kishor,56,Male,179 cm,74 kg,Gujarat,Muslim,Heart-related
Aarav,25,Male,169 cm,74 kg,Maharashtra,Parsi,No illness
Vivaan,47,Male,163 cm,87 kg,Rajasthan,Hindu,Cancer
Ayaan,50,Female,175 cm,85 kg,West Bengal,Parsi,Viral infection
Reyansh,30,Male,172 cm,64 kg,West Bengal,Sikh,Viral infection
Vihaan,18,Male,172 cm,89 kg,Tamil Nadu,Buddhist,Viral infection
Aarav,20,Female,173 cm,90 kg,Tamil Nadu,Hindu,No illness
Aditya,35,Female,180 cm,59 kg,Rajasthan,Sikh,Tuberculosis
Krishna,55,Male,177 cm,87 kg,Gujarat,Hindu,Cancer
Arjun,24,Male,172 cm,71 kg,Andhra Pradesh,Jain,No illness
Joan,30,Female,174 cm,81 kg,West Bengal,Jain,Viral infection
Aarav,42,Female,168 cm,51 kg,Andhra Pradesh,Parsi,Viral infection
Ishaan,54,Male,173 cm,77 kg,Maharashtra,Buddhist,Tuberculosis
Johnson,25,Male,172 cm,66 kg,Uttar Pradesh,Sikh,No illness
Aditya,52,Male,160 cm,53 kg,Kerala,Buddhist,Tuberculosis
Kishor,25,Female,162 cm,64 kg,Rajasthan,Jain,No illness
Vihaan,27,Female,162 cm,65 kg,Rajasthan,Parsi,No illness
John,44,Male,179 cm,65 kg,Rajasthan,Sikh,Cancer
Ishaan,26,Male,178 cm,58 kg,Rajasthan,Muslim,Heart-related
Joan,27,Male,160 cm,73 kg,Rajasthan,Hindu,Tuberculosis
Vihaan,17,Female,178 cm,72 kg,Tamil Nadu,Buddhist,Cancer
Vivaan,19,Female,169 cm,76 kg,Maharashtra,Buddhist,Viral infection
Salima,41,Female,180 cm,60 kg,Punjab,Muslim,No illness
Sai,47,Male,167 cm,84 kg,Kerala,Hindu,Cancer
Vivaan,17,Male,171 cm,60 kg,Punjab,Parsi,Tuberculosis
Joan,57,Female,173 cm,62 kg,Uttar Pradesh,Buddhist,Viral infection
Rambha,52,Male,163 cm,69 kg,Karnataka,Hindu,Cancer
Krishna,32,Male,173 cm,80 kg,Kerala,Sikh,Tuberculosis
Bahuksana,19,Male,180 cm,85 kg,Karnataka,Muslim,No illness
Kishor,40,Female,173 cm,78 kg,Karnataka,Buddhist,Heart-related
Ishaan,48,Female,164 cm,55 kg,Kerala,Muslim,Cancer
Yadu,45,Male,171 cm,76 kg,Andhra Pradesh,Parsi,Cancer
Ayaan,23,Male,171 cm,85 kg,Uttar Pradesh,Buddhist,Heart-related
Arjun,46,Male,168 cm,69 kg,West Bengal,Buddhist,Heart-related
Vihaan,28,Male,167 cm,71 kg,Kerala,Parsi,Cancer
Bahuksana,38,Female,172 cm,62 kg,Punjab,Muslim,No illness
Aditya,59,Female,171 cm,65 kg,Tamil Nadu,Hindu,Tuberculosis
Ayaan,40,Male,167 cm,70 kg,Tamil Nadu,Parsi,No illness
John,19,Female,168 cm,74 kg,West Bengal,Muslim,Tuberculosis
Johnson,44,Female,171 cm,74 kg,Gujarat,Hindu,No illness
Sai,21,Male,168 cm,78 kg,Punjab,Christian,Tuberculosis
Rambha,34,Male,164 cm,71 kg,Gujarat,Hindu,Tuberculosis
Johnson,29,Female,173 cm,60 kg,West Bengal,Christian,Tuberculosis
Joan,35,Male,166 cm,64 kg,Maharashtra,Muslim,No illness
John,48,Male,176 cm,77 kg,Maharashtra,Sikh,Cancer
Salima,42,Female,179 cm,82 kg,Maharashtra,Sikh,Cancer
Sunny,51,Male,180 cm,73 kg,Andhra Pradesh,Parsi,Tuberculosis
Ishaan,30,Female,169 cm,71 kg,Karnataka,Buddhist,Viral infection
Rambha,37,Male,168 cm,89 kg,Rajasthan,Christian,Viral infection
Ayaan,27,Female,173 cm,80 kg,Kerala,Buddhist,Heart-related
Ishaan,58,Female,168 cm,72 kg,Punjab,Hindu,No illness
Rambha,31,Female,178 cm,70 kg,Punjab,Christian,Heart-related
Sai,23,Female,178 cm,58 kg,Punjab,Buddhist,Heart-related
Sunny,20,Male,169 cm,74 kg,Gujarat,Muslim,Heart-related
Sunny,45,Male,179 cm,83 kg,Uttar Pradesh,Christian,Viral infection
Johnson,35,Male,175 cm,72 kg,Maharashtra,Sikh,Tuberculosis
Yadu,57,Female,177 cm,79 kg,West Bengal,Parsi,Heart-related
Vihaan,19,Male,160 cm,63 kg,West Bengal,Sikh,Tuberculosis
Ishaan,28,Female,174 cm,69 kg,Gujarat,Muslim,Cancer
Yadu,24,Male,175 cm,50 kg,Uttar Pradesh,Buddhist,No illness
Reyansh,41,Male,178 cm,88 kg,Karnataka,Jain,Cancer
Aarav,40,Male,160 cm,62 kg,Punjab,Christian,Heart-related
Sunny,28,Female,176 cm,77 kg,Maharashtra,Jain,Viral infection
Salima,50,Female,176 cm,61 kg,Rajasthan,Buddhist,Heart-related
Rambha,24,Female,160 cm,85 kg,Karnataka,Hindu,Viral infection
Krishna,46,Female,164 cm,54 kg,Andhra Pradesh,Hindu,Viral infection
Vihaan,40,Male,172 cm,78 kg,Kerala,Sikh,Tuberculosis
Johnson,47,Female,165 cm,77 kg,Punjab,Buddhist,No illness
Arjun,22,Female,178 cm,52 kg,Punjab,Muslim,Viral infection
Ishaan,17,Male,160 cm,72 kg,West Bengal,Muslim,Viral infection
Aarav,37,Female,161 cm,68 kg,Karnataka,Muslim,No illness
Vivaan,30,Female,179 cm,63 kg,Tamil Nadu,Hindu,Heart-related
Aarav,21,Female,173 cm,87 kg,Punjab,Sikh,Tuberculosis
Yadu,41,Female,168 cm,87 kg,Punjab,Christian,Tuberculosis
Bahuksana,46,Female,165 cm,54 kg,Punjab,Hindu,No illness
John,24,Female,178 cm,53 kg,Uttar Pradesh,Christian,Heart-related
Krishna,36,Female,177 cm,83 kg,Andhra Pradesh,Muslim,Cancer
Bahuksana,33,Female,177 cm,57 kg,Maharashtra,Jain,Viral infection
Arjun,34,Female,164 cm,63 kg,Gujarat,Christian,No illness
Reyansh,50,Male,173 cm,86 kg,Rajasthan,Jain,Cancer
Salima,31,Female,163 cm,76 kg,Kerala,Muslim,Cancer
Sunny,19,Female,172 cm,60 kg,Karnataka,Sikh,Viral infection
Joan,56,Male,162 cm,88 kg,Tamil Nadu,Jain,Tuberculosis
Reyansh,48,Male,174 cm,70 kg,Punjab,Buddhist,No illness
Aarav,31,Male,164 cm,66 kg,Kerala,Sikh,Cancer
Ishaan,55,Male,165 cm,56 kg,West Bengal,Parsi,Heart-related
Ishaan,35,Female,173 cm,57 kg,West Bengal,Hindu,Viral infection
Sai,48,Male,179 cm,55 kg,Maharashtra,Parsi,No illness
Yadu,29,Female,180 cm,75 kg,Maharashtra,Muslim,No illness
Salima,55,Female,162 cm,52 kg,Uttar Pradesh,Christian,Cancer
Reyansh,53,Male,171 cm,84 kg,Kerala,Hindu,Tuberculosis
Salima,50,Male,174 cm,72 kg,Punjab,Christian,Tuberculosis
Ramsha,53,Male,174 cm,52 kg,Rajasthan,Muslim,Viral infection
Joan,32,Male,174 cm,54 kg,Andhra Pradesh,Christian,Heart-related
Arjun,59,Female,173 cm,62 kg,Maharashtra,Buddhist,Cancer
Aarav,19,Male,167 cm,62 kg,Kerala,Jain,Cancer
Ayaan,21,Male,161 cm,65 kg,Karnataka,Buddhist,Tuberculosis
Bahuksana,27,Female,170 cm,50 kg,Gujarat,Buddhist,No illness
Rambha,48,Female,180 cm,70 kg,Punjab,Parsi,Cancer
Salima,38,Male,170 cm,66 kg,Gujarat,Muslim,Cancer
Vivaan,23,Female,178 cm,58 kg,Andhra Pradesh,Jain,Cancer
Arjun,35,Female,161 cm,89 kg,Andhra Pradesh,Sikh,Tuberculosis
Rambha,33,Female,162 cm,70 kg,Uttar Pradesh,Sikh,Cancer
Salima,30,Female,171 cm,52 kg,Andhra Pradesh,Hindu,No illness
Bahuksana,57,Male,170 cm,78 kg,Andhra Pradesh,Jain,Tuberculosis
Salima,54,Male,177 cm,66 kg,West Bengal,Jain,No illness
Ayaan,33,Male,163 cm,85 kg,Maharashtra,Hindu,Heart-related
Kishor,50,Female,175 cm,77 kg,Punjab,Parsi,Viral infection
Reyansh,22,Female,164 cm,63 kg,Tamil Nadu,Parsi,Cancer
Johnson,42,Female,163 cm,73 kg,Punjab,Jain,Viral infection
Arjun,41,Female,169 cm,58 kg,Uttar Pradesh,Hindu,No illness
Reyansh,39,Female,165 cm,51 kg,Uttar Pradesh,Muslim,Heart-related
Sai,54,Male,163 cm,70 kg,Karnataka,Jain,Tuberculosis
Reyansh,48,Male,168 cm,56 kg,West Bengal,Hindu,No illness
Kishor,25,Female,171 cm,77 kg,Kerala,Christian,Viral infection
John,47,Male,178 cm,75 kg,Punjab,Christian,Viral infection
Yadu,20,Female,174 cm,79 kg,Maharashtra,Buddhist,Heart-related
Rambha,45,Male,179 cm,62 kg,Gujarat,Buddhist,Tuberculosis
Sai,38,Male,177 cm,77 kg,Karnataka,Buddhist,Cancer
Kishor,22,Male,174 cm,81 kg,Uttar Pradesh,Hindu,Viral infection
John,47,Male,173 cm,54 kg,Maharashtra,Buddhist,Tuberculosis
Yadu,54,Male,171 cm,72 kg,Tamil Nadu,Christian,Tuberculosis
Ramsha,26,Female,166 cm,74 kg,Karnataka,Buddhist,Cancer
Vihaan,22,Female,165 cm,71 kg,Kerala,Hindu,Cancer
Ramsha,58,Female,161 cm,65 kg,Uttar Pradesh,Jain,No illness
Krishna,58,Male,174 cm,87 kg,Punjab,Hindu,Viral infection
Ayaan,53,Female,174 cm,86 kg,Maharashtra,Sikh,Cancer
Arjun,41,Female,163 cm,77 kg,Rajasthan,Jain,Tuberculosis
Ayaan,42,Male,168 cm,88 kg,Andhra Pradesh,Sikh,Heart-related
Salima,31,Female,163 cm,90 kg,Tamil Nadu,Parsi,Viral infection
Kishor,51,Male,160 cm,89 kg,Andhra Pradesh,Parsi,Tuberculosis
Ramsha,26,Female,174 cm,74 kg,Maharashtra,Muslim,Tuberculosis
Rambha,25,Male,168 cm,65 kg,Rajasthan,Christian,Tuberculosis
Krishna,27,Female,180 cm,84 kg,Rajasthan,Christian,Heart-related
Aarav,51,Male,164 cm,74 kg,Gujarat,Hindu,Viral infection
Salima,30,Female,177 cm,85 kg,Rajasthan,Buddhist,Tuberculosis
Ishaan,35,Female,171 cm,58 kg,Kerala,Sikh,Heart-related
Ramsha,57,Female,164 cm,87 kg,Kerala,Muslim,Cancer
Yadu,37,Female,174 cm,87 kg,Uttar Pradesh,Hindu,Cancer
Ishaan,33,Male,168 cm,64 kg,Kerala,Christian,Tuberculosis
Joan,48,Male,162 cm,72 kg,Gujarat,Parsi,Cancer
Johnson,34,Male,164 cm,53 kg,Maharashtra,Jain,Cancer
Arjun,39,Male,165 cm,66 kg,Maharashtra,Jain,Heart-related
Ramsha,45,Female,180 cm,68 kg,Uttar Pradesh,Jain,Tuberculosis
Rambha,37,Female,176 cm,79 kg,West Bengal,Jain,No illness
Aarav,23,Female,160 cm,53 kg,Kerala,Buddhist,No illness
Sunny,58,Female,174 cm,62 kg,Karnataka,Hindu,No illness
Sunny,28,Female,170 cm,61 kg,Uttar Pradesh,Muslim,Heart-related
Krishna,35,Male,173 cm,65 kg,Gujarat,Hindu,Cancer
Ayaan,29,Male,166 cm,88 kg,Gujarat,Christian,Tuberculosis
Reyansh,45,Female,165 cm,86 kg,Maharashtra,Jain,Viral infection
Krishna,40,Male,177 cm,82 kg,Rajasthan,Parsi,Viral infection
Salima,39,Male,160 cm,71 kg,Kerala,Christian,Tuberculosis
Reyansh,52,Female,174 cm,53 kg,Uttar Pradesh,Muslim,No illness
Salima,45,Female,177 cm,83 kg,Punjab,Muslim,Tuberculosis
Sai,46,Female,174 cm,58 kg,Rajasthan,Hindu,Cancer
Sunny,48,Male,169 cm,86 kg,Karnataka,Sikh,No illness
Ramsha,45,Male,167 cm,81 kg,Karnataka,Christian,Cancer
John,32,Male,179 cm,56 kg,Kerala,Christian,Tuberculosis
Ramsha,19,Female,165 cm,53 kg,Andhra Pradesh,Muslim,Heart-related
Yadu,46,Male,174 cm,72 kg,Kerala,Christian,Heart-related
Yadu,38,Male,180 cm,71 kg,Gujarat,Hindu,Heart-related
Kishor,52,Male,178 cm,58 kg,Maharashtra,Hindu,Tuberculosis
Joan,23,Female,173 cm,89 kg,Maharashtra,Hindu,Cancer
Krishna,51,Male,166 cm,66 kg,Gujarat,Christian,Cancer
Kishor,18,Female,176 cm,63 kg,Punjab,Parsi,No illness
Joan,43,Female,177 cm,57 kg,Kerala,Hindu,Cancer
Kishor,30,Female,175 cm,61 kg,Andhra Pradesh,Sikh,Viral infection
Ramsha,50,Male,172 cm,70 kg,Rajasthan,Parsi,Viral infection
Sunny,42,Male,174 cm,56 kg,Gujarat,Parsi,Viral infection
Yadu,19,Female,167 cm,68 kg,Maharashtra,Parsi,Tuberculosis
Joan,44,Female,168 cm,90 kg,West Bengal,Buddhist,Heart-related
John,26,Female,168 cm,86 kg,Maharashtra,Muslim,Tuberculosis
Ayaan,57,Female,167 cm,80 kg,Rajasthan,Parsi,Viral infection
Ishaan,45,Female,177 cm,80 kg,Tamil Nadu,Muslim,Heart-related
Sai,32,Male,168 cm,63 kg,Rajasthan,Christian,Tuberculosis
Vihaan,60,Male,167 cm,60 kg,Punjab,Sikh,Cancer
Johnson,34,Female,169 cm,67 kg,Tamil Nadu,Muslim,Heart-related
Vihaan,38,Female,169 cm,61 kg,Gujarat,Sikh,Heart-related
Joan,25,Female,170 cm,85 kg,Tamil Nadu,Jain,Tuberculosis
Reyansh,51,Female,167 cm,66 kg,West Bengal,Buddhist,Viral infection
Sai,43,Male,170 cm,79 kg,Rajasthan,Parsi,Viral infection
Joan,32,Male,179 cm,54 kg,Andhra Pradesh,Sikh,Viral infection
John,52,Female,174 cm,55 kg,Punjab,Jain,Heart-related
Rambha,29,Female,163 cm,90 kg,Kerala,Jain,Cancer
Ayaan,28,Male,164 cm,52 kg,Kerala,Hindu,No illness
Sai,57,Female,166 cm,62 kg,West Bengal,Hindu,Heart-related
Aarav,19,Female,169 cm,64 kg,Tamil Nadu,Parsi,Tuberculosis
Aarav,48,Female,168 cm,79 kg,West Bengal,Hindu,No illness
Ayaan,50,Female,179 cm,73 kg,Gujarat,Buddhist,Viral infection
Ishaan,26,Female,180 cm,77 kg,Gujarat,Sikh,No illness
Reyansh,23,Female,173 cm,56 kg,Kerala,Sikh,No illness
Kishor,55,Female,179 cm,69 kg,Gujarat,Muslim,Tuberculosis
Arjun,30,Female,167 cm,71 kg,Punjab,Buddhist,Heart-related
Salima,24,Female,174 cm,70 kg,Uttar Pradesh,Sikh,Viral infection
Bahuksana,38,Male,161 cm,88 kg,Gujarat,Buddhist,Tuberculosis
Ayaan,42,Male,160 cm,80 kg,West Bengal,Christian,No illness
Vivaan,36,Male,160 cm,89 kg,Rajasthan,Sikh,Heart-related
Sunny,31,Male,178 cm,84 kg,Uttar Pradesh,Christian,Heart-related
Salima,19,Female,169 cm,63 kg,Tamil Nadu,Hindu,Heart-related
Sai,24,Male,174 cm,62 kg,Uttar Pradesh,Buddhist,Viral infection
Rambha,19,Female,161 cm,61 kg,West Bengal,Parsi,Viral infection
Salima,30,Female,171 cm,78 kg,Tamil Nadu,Sikh,No illness
Ayaan,56,Female,177 cm,69 kg,Andhra Pradesh,Buddhist,Tuberculosis
Reyansh,33,Female,176 cm,54 kg,Kerala,Muslim,Heart-related
John,56,Male,177 cm,84 kg,Uttar Pradesh,Muslim,Tuberculosis
Joan,41,Male,163 cm,90 kg,West Bengal,Hindu,Cancer
Aarav,28,Female,175 cm,66 kg,Rajasthan,Buddhist,Viral infection
Bahuksana,17,Male,160 cm,69 kg,Kerala,Buddhist,No illness
Ayaan,42,Female,172 cm,72 kg,Kerala,Buddhist,Heart-related
Kishor,36,Male,180 cm,69 kg,Punjab,Sikh,Tuberculosis
Vihaan,34,Female,178 cm,87 kg,Tamil Nadu,Muslim,Tuberculosis
Bahuksana,55,Female,178 cm,62 kg,Andhra Pradesh,Muslim,Cancer
Vihaan,17,Female,161 cm,84 kg,Andhra Pradesh,Muslim,Cancer
Ramsha,45,Male,166 cm,87 kg,West Bengal,Hindu,Cancer
Ramsha,30,Male,162 cm,66 kg,Punjab,Jain,Cancer
Reyansh,26,Female,174 cm,79 kg,Kerala,Parsi,Heart-related
Vivaan,48,Male,176 cm,65 kg,Tamil Nadu,Hindu,Cancer
Rambha,29,Female,174 cm,65 kg,Gujarat,Parsi,No illness
Vivaan,53,Male,172 cm,84 kg,Maharashtra,Sikh,Heart-related
Bahuksana,42,Female,163 cm,76 kg,Andhra Pradesh,Jain,Viral infection
Arjun,47,Female,174 cm,78 kg,Maharashtra,Hindu,No illness
Vivaan,51,Female,175 cm,65 kg,Kerala,Sikh,No illness
Aditya,56,Male,167 cm,71 kg,Gujarat,Buddhist,Tuberculosis
Arjun,33,Female,174 cm,60 kg,Kerala,Jain,Cancer
Rambha,29,Male,161 cm,56 kg,Tamil Nadu,Muslim,Viral infection
Ayaan,38,Female,162 cm,52 kg,Tamil Nadu,Hindu,Tuberculosis
Vivaan,47,Male,178 cm,83 kg,Maharashtra,Buddhist,Tuberculosis
Yadu,57,Male,168 cm,61 kg,West Bengal,Christian,Tuberculosis
Krishna,34,Male,171 cm,85 kg,Kerala,Christian,Heart-related
Vihaan,42,Male,171 cm,71 kg,Kerala,Jain,Cancer
Vivaan,48,Male,177 cm,50 kg,Karnataka,Parsi,No illness
Yadu,37,Female,170 cm,74 kg,Kerala,Buddhist,Heart-related
Bahuksana,20,Female,161 cm,81 kg,Punjab,Muslim,Viral infection
Kishor,22,Female,172 cm,56 kg,Punjab,Sikh,Cancer
Vivaan,26,Female,166 cm,56 kg,Kerala,Sikh,Tuberculosis
Ayaan,21,Male,163 cm,62 kg,Uttar Pradesh,Jain,Tuberculosis
Sai,36,Male,177 cm,70 kg,Punjab,Jain,No illness
Krishna,52,Female,175 cm,80 kg,Karnataka,Buddhist,Heart-related
Johnson,57,Female,168 cm,50 kg,Gujarat,Christian,No illness
Bahuksana,43,Male,178 cm,71 kg,Kerala,Sikh,Heart-related
Johnson,39,Male,171 cm,65 kg,Uttar Pradesh,Christian,Viral infection
Sai,25,Female,179 cm,81 kg,Karnataka,Sikh,Tuberculosis
Joan,20,Male,180 cm,83 kg,Karnataka,Christian,Tuberculosis
Ishaan,32,Male,170 cm,50 kg,Kerala,Parsi,No illness
Johnson,28,Male,166 cm,73 kg,Gujarat,Sikh,Heart-related
Reyansh,51,Female,172 cm,54 kg,Andhra Pradesh,Christian,Cancer
Arjun,54,Female,173 cm,66 kg,Andhra Pradesh,Parsi,Heart-related
Krishna,21,Male,169 cm,50 kg,West Bengal,Parsi,Heart-related
Aarav,23,Female,177 cm,61 kg,Karnataka,Jain,Cancer
Reyansh,21,Male,160 cm,86 kg,Maharashtra,Muslim,No illness
Rambha,47,Female,176 cm,89 kg,Gujarat,Sikh,Heart-related
Joan,53,Female,168 cm,61 kg,Tamil Nadu,Buddhist,Viral infection
Joan,27,Female,171 cm,67 kg,Gujarat,Hindu,Viral infection
Yadu,18,Female,160 cm,78 kg,Rajasthan,Christian,Cancer
Vivaan,35,Male,160 cm,75 kg,Maharashtra,Jain,Heart-related
Yadu,30,Female,161 cm,51 kg,Maharashtra,Christian,Tuberculosis
Sai,27,Female,163 cm,75 kg,Uttar Pradesh,Parsi,Heart-related
Vihaan,54,Male,163 cm,64 kg,Uttar Pradesh,Muslim,Viral infection
Vihaan,24,Female,170 cm,62 kg,Rajasthan,Sikh,Heart-related
Johnson,53,Female,170 cm,68 kg,Punjab,Sikh,Cancer
Vihaan,18,Female,162 cm,64 kg,Punjab,Parsi,Tuberculosis
Johnson,39,Female,172 cm,71 kg,Karnataka,Christian,No illness
Johnson,52,Male,167 cm,50 kg,West Bengal,Jain,Cancer
Arjun,42,Female,176 cm,57 kg,West Bengal,Hindu,No illness
Ayaan,32,Female,167 cm,87 kg,West Bengal,Christian,Cancer
Vivaan,50,Female,161 cm,66 kg,Rajasthan,Muslim,Heart-related
Bahuksana,58,Male,179 cm,52 kg,Punjab,Jain,Cancer
Reyansh,28,Female,169 cm,84 kg,Maharashtra,Hindu,No illness
John,57,Female,170 cm,78 kg,Tamil Nadu,Buddhist,Tuberculosis
Sai,56,Female,176 cm,60 kg,Karnataka,Sikh,Tuberculosis
John,23,Female,175 cm,53 kg,Tamil Nadu,Christian,Cancer
Vivaan,49,Male,169 cm,83 kg,Andhra Pradesh,Buddhist,Heart-related
Joan,40,Male,172 cm,78 kg,Tamil Nadu,Buddhist,Tuberculosis
Ramsha,50,Female,174 cm,68 kg,Maharashtra,Buddhist,Tuberculosis
Krishna,39,Male,176 cm,52 kg,Punjab,Christian,Cancer
Aarav,19,Male,171 cm,72 kg,Gujarat,Hindu,Heart-related
Ayaan,60,Male,172 cm,88 kg,Karnataka,Jain,Cancer
Kishor,60,Male,176 cm,64 kg,Gujarat,Christian,Tuberculosis
Sunny,36,Male,172 cm,52 kg,Rajasthan,Christian,Tuberculosis
Sai,56,Male,180 cm,85 kg,Punjab,Jain,Cancer
Arjun,47,Female,170 cm,67 kg,Karnataka,Buddhist,Tuberculosis
John,55,Female,171 cm,61 kg,Rajasthan,Christian,Cancer
John,57,Female,170 cm,64 kg,Gujarat,Jain,Cancer
Kishor,54,Female,180 cm,87 kg,Kerala,Muslim,Tuberculosis
Johnson,45,Male,176 cm,88 kg,Gujarat,Sikh,Heart-related
Arjun,30,Female,180 cm,67 kg,Kerala,Sikh,Heart-related
Krishna,49,Female,168 cm,54 kg,Andhra Pradesh,Muslim,No illness
Sunny,33,Male,171 cm,61 kg,Punjab,Christian,Heart-related
Johnson,31,Female,174 cm,83 kg,Rajasthan,Muslim,Heart-related
Arjun,38,Male,174 cm,75 kg,West Bengal,Sikh,Cancer
Aditya,41,Male,178 cm,50 kg,Uttar Pradesh,Hindu,Viral infection
Salima,21,Male,170 cm,60 kg,Uttar Pradesh,Jain,Cancer
Yadu,25,Male,164 cm,88 kg,Punjab,Jain,Tuberculosis
John,27,Female,178 cm,74 kg,Tamil Nadu,Hindu,Cancer
Ishaan,51,Female,169 cm,57 kg,Andhra Pradesh,Jain,Tuberculosis
Aarav,42,Female,161 cm,86 kg,Uttar Pradesh,Muslim,Tuberculosis
Yadu,48,Male,175 cm,70 kg,Tamil Nadu,Jain,Cancer
Salima,50,Female,166 cm,78 kg,Karnataka,Sikh,Cancer
Ramsha,47,Female,168 cm,59 kg,Punjab,Jain,No illness
Reyansh,38,Female,178 cm,88 kg,Uttar Pradesh,Sikh,Cancer
Reyansh,29,Male,162 cm,78 kg,Uttar Pradesh,Buddhist,No illness
Salima,42,Female,173 cm,58 kg,West Bengal,Jain,Cancer
Sai,41,Female,171 cm,76 kg,Kerala,Hindu,Cancer
Bahuksana,33,Male,170 cm,81 kg,Uttar Pradesh,Jain,Cancer
Ramsha,22,Male,177 cm,85 kg,Karnataka,Christian,Cancer
Sai,58,Male,173 cm,57 kg,Karnataka,Buddhist,Cancer
Krishna,54,Female,172 cm,81 kg,Tamil Nadu,Muslim,Heart-related
Johnson,30,Male,170 cm,83 kg,Punjab,Buddhist,Heart-related
Salima,45,Female,167 cm,71 kg,Uttar Pradesh,Christian,No illness
Yadu,43,Female,169 cm,76 kg,Tamil Nadu,Parsi,No illness
Arjun,48,Female,172 cm,66 kg,Gujarat,Hindu,Viral infection
Johnson,26,Male,164 cm,60 kg,Rajasthan,Sikh,Cancer
Reyansh,19,Male,164 cm,63 kg,Maharashtra,Parsi,Cancer
Reyansh,23,Female,161 cm,55 kg,Andhra Pradesh,Christian,Viral infection
Bahuksana,40,Female,178 cm,69 kg,Punjab,Parsi,Viral infection
Arjun,19,Female,180 cm,82 kg,Rajasthan,Jain,Tuberculosis
Vihaan,59,Male,178 cm,86 kg,Uttar Pradesh,Hindu,Viral infection
Salima,48,Male,163 cm,70 kg,Kerala,Muslim,Viral infection
Aarav,30,Male,168 cm,56 kg,Gujarat,Buddhist,Viral infection
Kishor,21,Male,167 cm,68 kg,Kerala,Parsi,No illness
Yadu,44,Male,167 cm,75 kg,West Bengal,Christian,Heart-related
Aarav,57,Female,176 cm,65 kg,Punjab,Sikh,Heart-related
Joan,35,Male,179 cm,54 kg,West Bengal,Jain,Cancer
Bahuksana,53,Female,167 cm,51 kg,West Bengal,Buddhist,Cancer
Bahuksana,53,Female,163 cm,51 kg,Rajasthan,Christian,Cancer
Aarav,49,Female,175 cm,53 kg,Kerala,Muslim,Heart-related
Kishor,41,Male,170 cm,52 kg,Karnataka,Parsi,Tuberculosis
Sai,42,Male,179 cm,80 kg,West Bengal,Jain,Cancer
Salima,25,Male,178 cm,85 kg,Tamil Nadu,Hindu,No illness
Rambha,58,Female,164 cm,60 kg,Kerala,Parsi,Cancer
Arjun,41,Female,177 cm,65 kg,Punjab,Muslim,Heart-related
Vivaan,17,Female,175 cm,79 kg,Gujarat,Jain,Tuberculosis
Aarav,54,Female,161 cm,84 kg,Gujarat,Christian,Tuberculosis
Salima,26,Male,168 cm,87 kg,Punjab,Jain,Heart-related
Aditya,59,Male,178 cm,85 kg,Karnataka,Jain,Tuberculosis
Ramsha,44,Female,165 cm,89 kg,Uttar Pradesh,Muslim,Cancer
Reyansh,27,Male,160 cm,89 kg,Karnataka,Jain,No illness
Sai,32,Female,163 cm,61 kg,Punjab,Hindu,Viral infection
Sai,39,Female,178 cm,53 kg,Maharashtra,Hindu,Heart-related
Sunny,44,Female,179 cm,89 kg,Uttar Pradesh,Christian,No illness
Krishna,32,Female,172 cm,56 kg,Rajasthan,Hindu,Viral infection
Aarav,60,Male,161 cm,76 kg,Maharashtra,Buddhist,Viral infection
Ishaan,50,Female,160 cm,80 kg,Karnataka,Buddhist,No illness
Salima,31,Male,178 cm,76 kg,Punjab,Muslim,Viral infection
Joan,43,Male,176 cm,67 kg,Andhra Pradesh,Buddhist,No illness
Ishaan,42,Female,165 cm,81 kg,Rajasthan,Christian,Tuberculosis
Rambha,53,Female,160 cm,59 kg,Gujarat,Muslim,Cancer
Yadu,36,Female,168 cm,69 kg,Tamil Nadu,Parsi,No illness
Ishaan,28,Male,169 cm,64 kg,Maharashtra,Parsi,Tuberculosis
Ramsha,41,Male,177 cm,56 kg,Kerala,Buddhist,Cancer
John,30,Male,177 cm,82 kg,Punjab,Hindu,Heart-related
Yadu,45,Female,165 cm,87 kg,Kerala,Jain,Viral infection
Ramsha,44,Female,163 cm,61 kg,Gujarat,Hindu,Cancer
Reyansh,51,Male,177 cm,87 kg,Andhra Pradesh,Muslim,Cancer
Ishaan,24,Male,174 cm,63 kg,West Bengal,Jain,Cancer
Vivaan,26,Female,168 cm,77 kg,Tamil Nadu,Muslim,Cancer
Ramsha,47,Female,160 cm,72 kg,Rajasthan,Muslim,Viral infection
Arjun,46,Female,172 cm,64 kg,Punjab,Muslim,Cancer
Kishor,27,Male,169 cm,51 kg,Andhra Pradesh,Buddhist,Cancer
Salima,39,Female,179 cm,62 kg,Punjab,Hindu,Heart-related
Sunny,51,Male,163 cm,52 kg,Karnataka,Muslim,No illness
Arjun,37,Female,166 cm,67 kg,Gujarat,Sikh,No illness
Reyansh,43,Male,164 cm,58 kg,Karnataka,Parsi,No illness
Salima,44,Male,176 cm,60 kg,Uttar Pradesh,Buddhist,No illness
Bahuksana,50,Female,165 cm,75 kg,Karnataka,Parsi,Heart-related
Bahuksana,46,Female,177 cm,81 kg,West Bengal,Buddhist,Viral infection
Vihaan,54,Female,167 cm,78 kg,Kerala,Sikh,Cancer
Reyansh,29,Male,160 cm,81 kg,Rajasthan,Sikh,Tuberculosis
John,57,Female,180 cm,88 kg,Punjab,Jain,Viral infection
Kishor,31,Male,164 cm,80 kg,West Bengal,Jain,Viral infection
Reyansh,42,Male,172 cm,86 kg,Kerala,Sikh,Viral infection
Kishor,31,Female,172 cm,60 kg,Karnataka,Sikh,Heart-related
John,53,Female,167 cm,59 kg,Andhra Pradesh,Hindu,Tuberculosis
Rambha,54,Female,160 cm,87 kg,Karnataka,Buddhist,No illness
Reyansh,20,Female,165 cm,54 kg,Kerala,Hindu,Tuberculosis
Yadu,19,Female,163 cm,90 kg,Tamil Nadu,Sikh,Tuberculosis
Vivaan,52,Female,162 cm,52 kg,Kerala,Parsi,Cancer
Salima,52,Male,179 cm,63 kg,Rajasthan,Buddhist,Heart-related
Sunny,26,Male,167 cm,73 kg,West Bengal,Sikh,Tuberculosis
Reyansh,58,Female,170 cm,61 kg,Maharashtra,Jain,Tuberculosis
Sai,48,Male,163 cm,82 kg,Tamil Nadu,Hindu,Cancer
Joan,17,Female,163 cm,56 kg,Maharashtra,Jain,No illness
Aarav,41,Male,180 cm,52 kg,Rajasthan,Hindu,Cancer
Ramsha,60,Male,163 cm,53 kg,Maharashtra,Muslim,Viral infection
Rambha,43,Male,177 cm,58 kg,Punjab,Christian,Viral infection
Ishaan,17,Male,165 cm,62 kg,Tamil Nadu,Hindu,Heart-related
Sunny,27,Female,163 cm,86 kg,Maharashtra,Sikh,Heart-related
Rambha,38,Female,161 cm,72 kg,Andhra Pradesh,Muslim,Cancer
Kishor,51,Female,169 cm,50 kg,Rajasthan,Muslim,Cancer
Salima,60,Female,177 cm,84 kg,Maharashtra,Christian,Cancer
Krishna,52,Male,167 cm,85 kg,Kerala,Sikh,Viral infection
Ayaan,24,Female,169 cm,90 kg,Karnataka,Buddhist,Heart-related
Johnson,35,Male,172 cm,76 kg,Maharashtra,Jain,Tuberculosis
Yadu,54,Female,170 cm,76 kg,Rajasthan,Sikh,No illness
Arjun,46,Female,179 cm,66 kg,Gujarat,Jain,Tuberculosis
Joan,22,Female,168 cm,62 kg,West Bengal,Sikh,No illness
Vivaan,21,Male,171 cm,84 kg,Rajasthan,Parsi,Viral infection
Salima,34,Male,172 cm,50 kg,Karnataka,Jain,No illness
Johnson,29,Female,173 cm,67 kg,Punjab,Sikh,Viral infection
Reyansh,42,Female,174 cm,68 kg,Gujarat,Parsi,No illness
John,47,Female,165 cm,59 kg,Uttar Pradesh,Christian,No illness
Vihaan,21,Female,174 cm,59 kg,Maharashtra,Christian,Cancer
John,21,Male,179 cm,90 kg,Tamil Nadu,Parsi,Tuberculosis
Vivaan,40,Male,177 cm,62 kg,Kerala,Muslim,Viral infection
Joan,39,Female,163 cm,80 kg,West Bengal,Buddhist,Cancer
Sai,54,Male,165 cm,73 kg,Tamil Nadu,Sikh,Heart-related
Rambha,33,Female,174 cm,76 kg,West Bengal,Hindu,Cancer
Aditya,25,Male,177 cm,74 kg,Gujarat,Christian,No illness
Yadu,49,Female,171 cm,74 kg,Andhra Pradesh,Muslim,Cancer
Ramsha,22,Male,164 cm,81 kg,Uttar Pradesh,Muslim,Heart-related
Aarav,30,Female,163 cm,63 kg,Karnataka,Buddhist,Cancer
Yadu,31,Female,179 cm,75 kg,Rajasthan,Muslim,Heart-related
Johnson,24,Male,180 cm,73 kg,Maharashtra,Parsi,Viral infection
Rambha,35,Female,168 cm,61 kg,Andhra Pradesh,Parsi,No illness
Vivaan,53,Male,162 cm,89 kg,Tamil Nadu,Hindu,Cancer
John,34,Female,176 cm,81 kg,Punjab,Jain,Cancer
Ramsha,31,Male,163 cm,60 kg,Gujarat,Hindu,Cancer
Joan,46,Female,165 cm,64 kg,Andhra Pradesh,Muslim,Tuberculosis
Vivaan,30,Male,161 cm,72 kg,Uttar Pradesh,Parsi,Viral infection
Ayaan,56,Male,178 cm,63 kg,Kerala,Buddhist,Tuberculosis
Ayaan,44,Male,172 cm,81 kg,Maharashtra,Parsi,Viral infection
Sai,31,Female,165 cm,54 kg,Karnataka,Hindu,Tuberculosis
Aarav,31,Male,161 cm,61 kg,Karnataka,Hindu,Tuberculosis
Ayaan,21,Female,170 cm,83 kg,Punjab,Hindu,Viral infection
Ramsha,39,Male,175 cm,73 kg,Kerala,Sikh,No illness
Arjun,34,Male,178 cm,74 kg,Maharashtra,Muslim,Tuberculosis
Bahuksana,24,Female,166 cm,83 kg,Uttar Pradesh,Buddhist,Tuberculosis
Rambha,50,Male,168 cm,74 kg,Andhra Pradesh,Sikh,Viral infection
Arjun,56,Male,165 cm,81 kg,Tamil Nadu,Sikh,Tuberculosis
John,28,Male,170 cm,80 kg,Tamil Nadu,Buddhist,Viral infection
Bahuksana,38,Male,165 cm,64 kg,Karnataka,Parsi,Tuberculosis
Aditya,34,Male,162 cm,55 kg,Uttar Pradesh,Christian,Heart-related
Salima,56,Female,170 cm,58 kg,Maharashtra,Sikh,No illness
Ishaan,52,Male,166 cm,62 kg,Maharashtra,Muslim,Viral infection
Reyansh,44,Female,161 cm,77 kg,Tamil Nadu,Jain,Cancer
Joan,52,Male,175 cm,73 kg,Maharashtra,Jain,Heart-related
Vihaan,38,Male,166 cm,81 kg,Gujarat,Parsi,Heart-related
Krishna,55,Male,177 cm,57 kg,Maharashtra,Sikh,Cancer
Sunny,27,Female,177 cm,74 kg,West Bengal,Sikh,Tuberculosis
Yadu,44,Female,175 cm,65 kg,Uttar Pradesh,Hindu,Tuberculosis
Arjun,21,Female,162 cm,82 kg,West Bengal,Christian,Cancer
Joan,42,Male,169 cm,80 kg,Punjab,Buddhist,Viral infection
Sai,46,Male,166 cm,59 kg,Kerala,Jain,Viral infection
Aarav,40,Female,167 cm,63 kg,West Bengal,Parsi,Viral infection
Rambha,40,Female,178 cm,61 kg,Karnataka,Muslim,Heart-related
Vihaan,48,Male,169 cm,61 kg,Punjab,Parsi,No illness
Vihaan,36,Male,160 cm,61 kg,Kerala,Parsi,Viral infection
Sunny,53,Female,177 cm,75 kg,Maharashtra,Jain,Cancer
Yadu,33,Female,176 cm,66 kg,West Bengal,Buddhist,Heart-related
Aditya,59,Male,175 cm,74 kg,Andhra Pradesh,Buddhist,Heart-related
Vihaan,42,Female,174 cm,51 kg,Gujarat,Muslim,No illness
Sai,47,Female,169 cm,76 kg,Kerala,Christian,Viral infection
Yadu,54,Male,166 cm,77 kg,Maharashtra,Sikh,No illness
John,22,Male,176 cm,64 kg,Punjab,Buddhist,Cancer
Krishna,25,Female,175 cm,77 kg,Punjab,Sikh,Viral infection
Kishor,26,Female,163 cm,54 kg,Maharashtra,Muslim,Cancer
Arjun,28,Female,162 cm,90 kg,Maharashtra,Buddhist,Tuberculosis
Vihaan,59,Female,172 cm,88 kg,Gujarat,Christian,Viral infection
Rambha,23,Female,171 cm,82 kg,West Bengal,Hindu,Heart-related
Bahuksana,43,Male,162 cm,63 kg,Punjab,Muslim,Tuberculosis
Joan,37,Female,178 cm,68 kg,Rajasthan,Sikh,No illness
Sunny,21,Male,165 cm,50 kg,Karnataka,Muslim,Cancer
Sunny,52,Female,177 cm,63 kg,Kerala,Muslim,Viral infection
Aditya,48,Female,165 cm,64 kg,Gujarat,Christian,Viral infection
Sunny,18,Male,169 cm,71 kg,Uttar Pradesh,Jain,Heart-related
Sai,44,Male,164 cm,59 kg,Tamil Nadu,Jain,Cancer
Bahuksana,47,Female,174 cm,50 kg,Karnataka,Sikh,Heart-related
Ramsha,50,Female,165 cm,56 kg,Tamil Nadu,Sikh,Cancer
Reyansh,19,Female,172 cm,88 kg,West Bengal,Jain,No illness
Salima,24,Female,178 cm,90 kg,Uttar Pradesh,Hindu,Tuberculosis
Krishna,37,Male,164 cm,60 kg,Gujarat,Sikh,Viral infection
Ishaan,44,Female,174 cm,50 kg,Karnataka,Parsi,Viral infection
Bahuksana,29,Male,162 cm,56 kg,Karnataka,Hindu,Heart-related
Sunny,37,Male,165 cm,54 kg,Punjab,Christian,Viral infection
Arjun,45,Female,164 cm,50 kg,Uttar Pradesh,Sikh,No illness
Sai,55,Male,167 cm,56 kg,Andhra Pradesh,Jain,Tuberculosis
Vihaan,45,Male,168 cm,67 kg,Kerala,Hindu,Tuberculosis
Aarav,22,Male,170 cm,75 kg,Kerala,Muslim,Viral infection
John,24,Female,174 cm,77 kg,Kerala,Buddhist,Tuberculosis
Sai,51,Female,166 cm,85 kg,Andhra Pradesh,Sikh,Heart-related
Aditya,35,Male,175 cm,90 kg,Kerala,Hindu,Heart-related
Reyansh,60,Female,179 cm,51 kg,Gujarat,Parsi,Tuberculosis
Salima,59,Male,180 cm,80 kg,Karnataka,Christian,Heart-related
John,17,Female,174 cm,60 kg,Punjab,Christian,Viral infection
Salima,44,Female,170 cm,61 kg,Maharashtra,Hindu,Heart-related
Aarav,33,Male,178 cm,86 kg,Punjab,Christian,Cancer
Sai,21,Female,175 cm,64 kg,Rajasthan,Parsi,Viral infection
Kishor,25,Male,174 cm,52 kg,Punjab,Buddhist,No illness
Ramsha,24,Female,174 cm,77 kg,Punjab,Parsi,Cancer
Salima,24,Female,174 cm,69 kg,Andhra Pradesh,Muslim,Cancer
Johnson,38,Male,163 cm,60 kg,Rajasthan,Buddhist,Tuberculosis
Ramsha,22,Male,163 cm,74 kg,Kerala,Hindu,Tuberculosis
Sunny,48,Male,160 cm,76 kg,Kerala,Jain,Viral infection
Vivaan,27,Female,163 cm,89 kg,West Bengal,Buddhist,Cancer
Bahuksana,18,Male,161 cm,53 kg,Karnataka,Parsi,Viral infection
Krishna,59,Female,173 cm,81 kg,Punjab,Hindu,Tuberculosis
Johnson,19,Male,174 cm,55 kg,Rajasthan,Buddhist,Viral infection
Sunny,29,Male,163 cm,68 kg,Punjab,Christian,Tuberculosis
Aarav,18,Female,162 cm,79 kg,Andhra Pradesh,Christian,Tuberculosis
Ayaan,52,Male,171 cm,85 kg,Andhra Pradesh,Hindu,Tuberculosis
Bahuksana,26,Male,164 cm,81 kg,Kerala,Jain,Cancer
Sai,59,Male,174 cm,86 kg,Gujarat,Buddhist,Tuberculosis
Arjun,29,Female,161 cm,71 kg,Punjab,Sikh,Tuberculosis
Joan,40,Male,171 cm,77 kg,Uttar Pradesh,Hindu,Heart-related
Rambha,36,Female,177 cm,64 kg,Tamil Nadu,Hindu,Viral infection
Ishaan,23,Female,160 cm,83 kg,Rajasthan,Hindu,Heart-related
Reyansh,17,Male,165 cm,53 kg,Punjab,Christian,Cancer
Bahuksana,19,Male,173 cm,67 kg,Tamil Nadu,Christian,Cancer
Yadu,60,Female,174 cm,86 kg,Tamil Nadu,Parsi,Cancer
Aditya,34,Female,165 cm,55 kg,Maharashtra,Muslim,Cancer
Salima,48,Female,171 cm,79 kg,Kerala,Jain,Heart-related
Johnson,37,Female,162 cm,71 kg,Punjab,Parsi,Viral infection
Salima,38,Female,163 cm,55 kg,Maharashtra,Christian,No illness
Bahuksana,23,Male,160 cm,83 kg,Uttar Pradesh,Jain,Heart-related
Vihaan,27,Male,174 cm,64 kg,Gujarat,Hindu,Cancer
Kishor,56,Male,164 cm,56 kg,Uttar Pradesh,Christian,Tuberculosis
Bahuksana,36,Female,176 cm,60 kg,Tamil Nadu,Muslim,Cancer
Sunny,23,Male,160 cm,87 kg,Kerala,Jain,No illness
John,17,Female,168 cm,76 kg,Rajasthan,Hindu,No illness
Aditya,58,Male,164 cm,89 kg,Uttar Pradesh,Christian,No illness
Salima,20,Female,166 cm,82 kg,Maharashtra,Christian,Heart-related
Ayaan,33,Male,163 cm,70 kg,Punjab,Christian,Tuberculosis
Ramsha,54,Female,160 cm,64 kg,Punjab,Muslim,No illness
Aarav,57,Female,162 cm,73 kg,Gujarat,Muslim,Heart-related
Ishaan,31,Female,168 cm,59 kg,West Bengal,Christian,Cancer
Sai,52,Male,161 cm,72 kg,Gujarat,Muslim,No illness
Reyansh,27,Female,174 cm,52 kg,Maharashtra,Buddhist,Viral infection
Ayaan,25,Female,176 cm,68 kg,Tamil Nadu,Parsi,Tuberculosis
John,18,Female,180 cm,89 kg,Tamil Nadu,Hindu,Heart-related
Reyansh,39,Female,179 cm,64 kg,Rajasthan,Muslim,No illness
Yadu,40,Female,168 cm,51 kg,Tamil Nadu,Sikh,Viral infection
Arjun,42,Female,170 cm,86 kg,Tamil Nadu,Sikh,Tuberculosis
Sai,42,Female,168 cm,56 kg,Maharashtra,Muslim,Heart-related
Yadu,37,Male,166 cm,86 kg,Uttar Pradesh,Buddhist,Tuberculosis
Joan,31,Male,161 cm,63 kg,Maharashtra,Christian,No illness
Salima,53,Female,160 cm,68 kg,Tamil Nadu,Sikh,No illness
Arjun,46,Male,173 cm,67 kg,Tamil Nadu,Jain,No illness
Kishor,19,Female,177 cm,52 kg,Gujarat,Buddhist,Tuberculosis
Reyansh,60,Female,163 cm,54 kg,Maharashtra,Hindu,Cancer
Salima,19,Female,161 cm,62 kg,Tamil Nadu,Hindu,Tuberculosis
Ayaan,50,Male,177 cm,81 kg,West Bengal,Hindu,No illness
Ayaan,17,Male,173 cm,82 kg,Uttar Pradesh,Parsi,No illness
Reyansh,36,Female,163 cm,78 kg,Uttar Pradesh,Buddhist,No illness
Arjun,42,Male,168 cm,56 kg,Maharashtra,Buddhist,Heart-related
Reyansh,37,Female,179 cm,73 kg,Andhra Pradesh,Parsi,Heart-related
Johnson,31,Female,179 cm,66 kg,Karnataka,Jain,No illness
Ishaan,30,Male,163 cm,63 kg,Punjab,Hindu,Tuberculosis
Reyansh,28,Male,172 cm,79 kg,Andhra Pradesh,Jain,Tuberculosis
Ishaan,41,Male,169 cm,81 kg,Uttar Pradesh,Christian,Heart-related
John,30,Female,169 cm,57 kg,Karnataka,Buddhist,Heart-related
Kishor,55,Female,170 cm,74 kg,Gujarat,Jain,No illness
Sai,46,Male,160 cm,59 kg,Punjab,Christian,Tuberculosis
Krishna,60,Male,165 cm,87 kg,Andhra Pradesh,Hindu,Tuberculosis
Yadu,38,Female,169 cm,61 kg,Rajasthan,Hindu,No illness
Bahuksana,24,Female,179 cm,54 kg,Andhra Pradesh,Sikh,Cancer
Ishaan,41,Female,175 cm,70 kg,West Bengal,Christian,Viral infection
Aditya,48,Female,162 cm,56 kg,Andhra Pradesh,Muslim,Viral infection
Arjun,20,Male,175 cm,50 kg,Gujarat,Buddhist,Cancer
Ayaan,44,Male,163 cm,84 kg,Punjab,Christian,No illness
Aditya,40,Male,171 cm,80 kg,Rajasthan,Parsi,Tuberculosis
Reyansh,21,Male,174 cm,87 kg,Andhra Pradesh,Sikh,Viral infection
John,50,Male,169 cm,85 kg,Karnataka,Buddhist,No illness
Bahuksana,37,Male,170 cm,83 kg,Maharashtra,Jain,Heart-related
Salima,26,Female,178 cm,88 kg,Uttar Pradesh,Muslim,Cancer
Ishaan,31,Female,165 cm,76 kg,Gujarat,Buddhist,No illness
Vihaan,49,Male,165 cm,57 kg,Maharashtra,Muslim,Cancer
Salima,55,Male,174 cm,90 kg,Gujarat,Christian,Viral infection
Sai,23,Male,165 cm,55 kg,Tamil Nadu,Jain,Heart-related
Ramsha,24,Male,160 cm,68 kg,Karnataka,Christian,Cancer
Sai,19,Male,163 cm,74 kg,Andhra Pradesh,Sikh,No illness
Salima,17,Female,165 cm,62 kg,Kerala,Sikh,Heart-related
Bahuksana,58,Female,172 cm,84 kg,Andhra Pradesh,Christian,Tuberculosis
Bahuksana,21,Male,174 cm,60 kg,West Bengal,Buddhist,Heart-related
Arjun,50,Female,160 cm,67 kg,Punjab,Buddhist,Cancer
Ayaan,27,Male,162 cm,73 kg,Andhra Pradesh,Buddhist,No illness
Aarav,28,Male,166 cm,70 kg,Maharashtra,Buddhist,Heart-related
Yadu,39,Male,160 cm,76 kg,Punjab,Christian,Viral infection
Vivaan,42,Female,179 cm,59 kg,Kerala,Buddhist,Tuberculosis
Rambha,47,Female,166 cm,55 kg,Kerala,Buddhist,Viral infection
Yadu,45,Male,178 cm,76 kg,Uttar Pradesh,Christian,Cancer
Aarav,17,Male,171 cm,78 kg,Punjab,Jain,No illness
Joan,17,Male,162 cm,63 kg,Rajasthan,Hindu,Tuberculosis
Reyansh,18,Male,175 cm,80 kg,Punjab,Sikh,Cancer
Sunny,37,Male,180 cm,60 kg,Karnataka,Buddhist,Cancer
Yadu,53,Male,165 cm,51 kg,Rajasthan,Muslim,No illness
Sunny,23,Female,163 cm,60 kg,Punjab,Jain,No illness
Aarav,58,Male,168 cm,70 kg,Punjab,Buddhist,Cancer
Sunny,48,Male,173 cm,81 kg,Gujarat,Christian,Tuberculosis
Vivaan,46,Female,167 cm,55 kg,Tamil Nadu,Jain,Viral infection
Sunny,29,Male,173 cm,77 kg,Maharashtra,Muslim,No illness
Bahuksana,49,Female,178 cm,51 kg,Punjab,Jain,Cancer
John,59,Female,169 cm,74 kg,Gujarat,Jain,Viral infection
Yadu,17,Female,166 cm,53 kg,West Bengal,Hindu,Viral infection
Reyansh,48,Female,166 cm,75 kg,Karnataka,Muslim,Cancer
Vivaan,51,Female,180 cm,57 kg,Maharashtra,Parsi,Heart-related
Reyansh,53,Female,165 cm,88 kg,Uttar Pradesh,Parsi,No illness
Rambha,44,Male,177 cm,76 kg,Tamil Nadu,Buddhist,Viral infection
Vihaan,30,Male,165 cm,86 kg,Karnataka,Muslim,Cancer
Ishaan,51,Female,176 cm,60 kg,Maharashtra,Sikh,Tuberculosis
Ramsha,39,Female,174 cm,52 kg,Tamil Nadu,Sikh,Heart-related
Yadu,23,Male,163 cm,82 kg,Andhra Pradesh,Buddhist,Heart-related
Sunny,18,Female,168 cm,51 kg,Kerala,Hindu,Heart-related
Aditya,58,Female,160 cm,79 kg,Kerala,Sikh,Cancer
Joan,53,Female,176 cm,87 kg,Uttar Pradesh,Hindu,Tuberculosis
Ramsha,28,Male,161 cm,66 kg,Andhra Pradesh,Buddhist,Heart-related
Vivaan,20,Female,174 cm,79 kg,West Bengal,Sikh,Cancer
Ayaan,59,Male,176 cm,63 kg,Rajasthan,Jain,Viral infection
Ramsha,28,Female,180 cm,76 kg,Gujarat,Parsi,Viral infection
Reyansh,56,Female,178 cm,51 kg,Gujarat,Muslim,Viral infection
Krishna,20,Female,162 cm,55 kg,Uttar Pradesh,Jain,Heart-related
Salima,42,Female,168 cm,88 kg,Kerala,Buddhist,Heart-related
Kishor,22,Male,178 cm,77 kg,Uttar Pradesh,Sikh,Viral infection
Arjun,37,Female,179 cm,86 kg,Gujarat,Sikh,Cancer
Ayaan,37,Female,167 cm,67 kg,Punjab,Christian,No illness
Aarav,43,Female,163 cm,51 kg,Punjab,Parsi,Cancer
Johnson,54,Male,177 cm,67 kg,Maharashtra,Hindu,Viral infection
Salima,30,Male,169 cm,52 kg,Gujarat,Muslim,Heart-related
Arjun,31,Female,170 cm,67 kg,Rajasthan,Christian,Cancer
Rambha,59,Male,175 cm,89 kg,Kerala,Jain,Tuberculosis
Salima,27,Male,162 cm,66 kg,Kerala,Hindu,Cancer
Yadu,22,Male,179 cm,89 kg,Andhra Pradesh,Christian,Viral infection
Ishaan,58,Male,174 cm,60 kg,Kerala,Buddhist,Cancer
Ramsha,56,Female,168 cm,75 kg,Uttar Pradesh,Jain,Tuberculosis
Bahuksana,25,Male,176 cm,62 kg,Uttar Pradesh,Hindu,No illness
Rambha,60,Female,160 cm,51 kg,Tamil Nadu,Sikh,Heart-related
Joan,35,Male,173 cm,76 kg,Uttar Pradesh,Christian,No illness
Johnson,29,Female,174 cm,88 kg,Kerala,Hindu,Tuberculosis
Vihaan,47,Female,161 cm,79 kg,Rajasthan,Sikh,Tuberculosis
Aarav,29,Female,162 cm,89 kg,Maharashtra,Jain,No illness
Sai,32,Female,161 cm,73 kg,Andhra Pradesh,Jain,Tuberculosis
Aarav,50,Female,173 cm,61 kg,Uttar Pradesh,Jain,Heart-related
Aarav,50,Female,168 cm,81 kg,West Bengal,Muslim,No illness
Sai,36,Female,173 cm,63 kg,Maharashtra,Parsi,Cancer
Krishna,44,Female,172 cm,53 kg,Kerala,Hindu,Tuberculosis
Rambha,23,Female,169 cm,89 kg,Maharashtra,Parsi,No illness
Bahuksana,43,Female,170 cm,72 kg,Punjab,Muslim,No illness
Vivaan,55,Male,177 cm,79 kg,Gujarat,Christian,Tuberculosis
Reyansh,29,Female,160 cm,75 kg,Uttar Pradesh,Muslim,Tuberculosis
Johnson,41,Male,172 cm,60 kg,Kerala,Buddhist,Viral infection
John,51,Female,160 cm,69 kg,Punjab,Buddhist,Cancer
Yadu,37,Female,174 cm,85 kg,Kerala,Sikh,No illness
Rambha,42,Female,164 cm,84 kg,Uttar Pradesh,Hindu,Cancer
Arjun,44,Male,175 cm,65 kg,Uttar Pradesh,Parsi,Tuberculosis
Vivaan,51,Female,176 cm,82 kg,Karnataka,Buddhist,Tuberculosis
Ishaan,17,Female,164 cm,54 kg,Karnataka,Jain,Cancer
Krishna,20,Male,178 cm,51 kg,Karnataka,Buddhist,Heart-related
Rambha,39,Male,171 cm,89 kg,Rajasthan,Muslim,Tuberculosis
Rambha,27,Male,180 cm,77 kg,Tamil Nadu,Parsi,Cancer
Arjun,51,Female,162 cm,77 kg,Gujarat,Hindu,Cancer
Sunny,41,Male,174 cm,89 kg,West Bengal,Muslim,Heart-related
John,21,Male,165 cm,78 kg,Kerala,Hindu,Tuberculosis
John,56,Male,161 cm,67 kg,Kerala,Buddhist,Viral infection
Salima,27,Male,162 cm,64 kg,Andhra Pradesh,Hindu,No illness
Yadu,53,Male,162 cm,58 kg,Andhra Pradesh,Hindu,Tuberculosis
Joan,17,Male,173 cm,90 kg,Punjab,Sikh,Cancer
Krishna,29,Male,160 cm,68 kg,Uttar Pradesh,Jain,Heart-related
Rambha,34,Female,165 cm,50 kg,West Bengal,Parsi,No illness
John,45,Female,163 cm,58 kg,Tamil Nadu,Jain,Tuberculosis
Arjun,33,Male,173 cm,62 kg,Karnataka,Sikh,Heart-related
Ramsha,40,Female,180 cm,55 kg,West Bengal,Muslim,Cancer
Bahuksana,27,Female,170 cm,53 kg,Maharashtra,Christian,No illness
Sunny,20,Female,173 cm,77 kg,West Bengal,Parsi,No illness
Sai,36,Female,180 cm,61 kg,Rajasthan,Parsi,Tuberculosis
Salima,56,Male,176 cm,73 kg,Punjab,Sikh,Viral infection
Johnson,28,Female,178 cm,67 kg,Andhra Pradesh,Buddhist,Cancer
Yadu,39,Male,161 cm,71 kg,Tamil Nadu,Parsi,Tuberculosis
Aditya,32,Male,175 cm,54 kg,West Bengal,Jain,Heart-related
Aditya,25,Male,176 cm,79 kg,Uttar Pradesh,Sikh,No illness
Ishaan,42,Female,164 cm,63 kg,Andhra Pradesh,Muslim,Tuberculosis
Krishna,51,Female,165 cm,74 kg,Tamil Nadu,Hindu,Viral infection
Krishna,55,Male,168 cm,83 kg,Maharashtra,Jain,Cancer
Arjun,18,Male,176 cm,52 kg,Punjab,Jain,Cancer
Sai,31,Male,175 cm,68 kg,Punjab,Sikh,Tuberculosis
Sai,38,Female,167 cm,53 kg,Gujarat,Muslim,No illness
Vihaan,45,Female,162 cm,54 kg,Kerala,Muslim,Heart-related
John,34,Female,175 cm,53 kg,Maharashtra,Jain,No illness
Joan,28,Male,180 cm,58 kg,Andhra Pradesh,Parsi,Cancer
Johnson,20,Male,167 cm,75 kg,Rajasthan,Christian,Cancer
Johnson,45,Male,179 cm,72 kg,Tamil Nadu,Sikh,Cancer
Vivaan,36,Female,172 cm,55 kg,Andhra Pradesh,Sikh,Cancer
Joan,18,Male,172 cm,58 kg,Tamil Nadu,Sikh,Heart-related
Aditya,58,Female,164 cm,54 kg,Tamil Nadu,Buddhist,Tuberculosis
Salima,22,Female,173 cm,87 kg,Karnataka,Muslim,No illness
Johnson,31,Female,177 cm,85 kg,Rajasthan,Buddhist,Cancer
Ishaan,60,Male,165 cm,59 kg,Tamil Nadu,Hindu,Heart-related
Yadu,43,Male,161 cm,84 kg,Karnataka,Sikh,Viral infection
John,27,Male,178 cm,75 kg,Karnataka,Parsi,Tuberculosis
Vivaan,34,Male,174 cm,90 kg,Uttar Pradesh,Christian,Cancer
John,22,Female,177 cm,64 kg,Maharashtra,Jain,Heart-related
Yadu,49,Female,173 cm,87 kg,Gujarat,Parsi,Viral infection
Johnson,44,Male,165 cm,54 kg,Andhra Pradesh,Hindu,Heart-related
